<?xml version="1.0" encoding="utf-8"?>
<!--EXPORTED BY TOOL, DON'T MODIFY IT!-->
<!--Source File: 1_Attach.xml-->
<behavior name="1_Attach" agenttype="FirstAgent" version="5">
  <node class="Action" id="0">
    <property Method="Self.FirstAgent::Print(&quot;AttachTest&quot;)" />
    <property ResultOption="BT_SUCCESS" />
    <attachment class="Precondition" id="1" flag="precondition">
      <property BinaryOperator="And" />
      <property Operator="Equal" />
      <property Opl="int Self.FirstAgent::m_nVal" />
      <property Opr2="const int 1" />
      <property Phase="Enter" />
    </attachment>
    <attachment class="Precondition" id="2" flag="precondition">
      <property BinaryOperator="And" />
      <property Operator="Equal" />
      <property Opl="bool Self.FirstAgent::m_bFlag" />
      <property Opr2="const bool true" />
      <property Phase="Enter" />
    </attachment>
    <attachment class="Effector" id="3" flag="effector">
      <property Operator="Assign" />
      <property Opl="bool Self.FirstAgent::m_bFlag" />
      <property Opr2="const bool false" />
      <property Phase="Success" />
    </attachment>
    <attachment class="Effector" id="4" flag="effector">
      <property Operator="Assign" />
      <property Opl="int Self.FirstAgent::m_nVal" />
      <property Opr2="const int 0" />
      <property Phase="Success" />
    </attachment>
  </node>
</behavior>