<?xml version="1.0" encoding="utf-8"?>
<!--EXPORTED BY TOOL, DON'T MODIFY IT!-->
<!--Source File: 2_Condition.xml-->
<behavior name="2_Condition" agenttype="FirstAgent" version="5">
  <node class="Sequence" id="0">
    <node class="Or" id="1">
      <node class="Condition" id="2">
        <property Operator="Equal" />
        <property Opl="bool Self.FirstAgent::m_bFlag" />
        <property Opr="const bool true" />
      </node>
      <node class="Condition" id="3">
        <property Operator="Equal" />
        <property Opl="int Self.FirstAgent::m_nVal" />
        <property Opr="const int 1" />
      </node>
    </node>
    <node class="Assignment" id="4">
      <property CastRight="false" />
      <property Opl="int Self.FirstAgent::m_nVal" />
      <property Opr="const int 0" />
    </node>
    <node class="And" id="5">
      <node class="Condition" id="6">
        <property Operator="Equal" />
        <property Opl="bool Self.FirstAgent::m_bFlag" />
        <property Opr="const bool true" />
      </node>
      <node class="Condition" id="7">
        <property Operator="Equal" />
        <property Opl="int Self.FirstAgent::m_nVal" />
        <property Opr="const int 0" />
      </node>
    </node>
    <node class="Assignment" id="8">
      <property CastRight="false" />
      <property Opl="bool Self.FirstAgent::m_bFlag" />
      <property Opr="const bool false" />
    </node>
    <node class="Or" id="9">
      <node class="True" id="11" />
      <node class="Condition" id="12">
        <property Operator="Equal" />
        <property Opl="bool Self.FirstAgent::m_bFlag" />
        <property Opr="const bool true" />
      </node>
    </node>
    <node class="Action" id="10">
      <property Method="Self.FirstAgent::Print(&quot;ConditionTest&quot;)" />
      <property ResultOption="BT_SUCCESS" />
    </node>
  </node>
</behavior>