<?xml version="1.0" encoding="utf-8"?>
<!--EXPORTED BY TOOL, DON'T MODIFY IT!-->
<!--Source File: 3_Action.xml-->
<behavior name="3_Action" agenttype="FirstAgent" version="5">
  <node class="Sequence" id="0">
    <node class="Action" id="2">
      <property Method="Self.FirstAgent::Print(&quot;ActionTest: Wait 1ms&quot;)" />
      <property ResultOption="BT_SUCCESS" />
    </node>
    <node class="Wait" id="1">
      <property Time="const float 1" />
    </node>
    <node class="Action" id="3">
      <property Method="Self.FirstAgent::Print(&quot;ActionTest: Assign action&quot;)" />
      <property ResultOption="BT_SUCCESS" />
    </node>
    <node class="Assignment" id="4">
      <property CastRight="false" />
      <property Opl="bool Self.FirstAgent::m_bFlag" />
      <property Opr="const bool false" />
    </node>
    <node class="Action" id="5">
      <property Method="Self.FirstAgent::Print(&quot;ActionTest: Calc action&quot;)" />
      <property ResultOption="BT_SUCCESS" />
    </node>
    <node class="Compute" id="6">
      <property Operator="Mul" />
      <property Opl="int Self.FirstAgent::m_nVal" />
      <property Opr1="int Self.FirstAgent::m_nVal" />
      <property Opr2="const int 2" />
    </node>
    <node class="Action" id="7">
      <property Method="Self.FirstAgent::PrintInt()" />
      <property ResultOption="BT_SUCCESS" />
    </node>
    <node class="Noop" id="12" />
    <node class="WaitFrames" id="8">
      <property Frames="const int 4" />
    </node>
    <node class="Action" id="11">
      <property Method="Self.FirstAgent::Print(&quot;ActionTest: End&quot;)" />
      <property ResultOption="BT_SUCCESS" />
    </node>
    <node class="End" id="9">
      <property EndOutside="false" />
      <property EndStatus="const behaviac::EBTStatus BT_SUCCESS" />
    </node>
    <node class="Action" id="10">
      <property Method="Self.FirstAgent::Print(&quot;ActionTest: Impossible&quot;)" />
      <property ResultOption="BT_SUCCESS" />
    </node>
  </node>
</behavior>