<?xml version="1.0" encoding="utf-8"?>
<!--EXPORTED BY TOOL, DON'T MODIFY IT!-->
<!--Source File: 4_Combine.xml-->
<behavior name="4_Combine" agenttype="FirstAgent" version="5">
  <node class="Parallel" id="0">
    <property ChildFinishPolicy="CHILDFINISH_LOOP" />
    <property ExitPolicy="EXIT_ABORT_RUNNINGSIBLINGS" />
    <property FailurePolicy="FAIL_ON_ONE" />
    <property SuccessPolicy="SUCCEED_ON_ALL" />
    <node class="Selector" id="1">
      <node class="SelectorProbability" id="5">
        <node class="DecoratorWeight" id="9">
          <property DecorateWhenChildEnds="false" />
          <property Weight="const int 1" />
          <node class="Sequence" id="10">
            <node class="Assignment" id="12">
              <property CastRight="false" />
              <property Opl="int Self.FirstAgent::m_nVal" />
              <property Opr="const int 0" />
            </node>
            <node class="Action" id="40">
              <property Method="Self.FirstAgent::PrintInt()" />
              <property ResultOption="BT_SUCCESS" />
            </node>
          </node>
        </node>
        <node class="DecoratorWeight" id="11">
          <property DecorateWhenChildEnds="false" />
          <property Weight="const int 1" />
          <node class="Sequence" id="41">
            <node class="Assignment" id="43">
              <property CastRight="false" />
              <property Opl="int Self.FirstAgent::m_nVal" />
              <property Opr="const int 1" />
            </node>
            <node class="Action" id="44">
              <property Method="Self.FirstAgent::PrintInt()" />
              <property ResultOption="BT_SUCCESS" />
            </node>
          </node>
        </node>
      </node>
      <node class="SelectorStochastic" id="6">
        <node class="Sequence" id="42">
          <node class="Assignment" id="15">
            <property CastRight="false" />
            <property Opl="int Self.FirstAgent::m_nVal" />
            <property Opr="const int 2" />
          </node>
          <node class="Action" id="45">
            <property Method="Self.FirstAgent::PrintInt()" />
            <property ResultOption="BT_SUCCESS" />
          </node>
        </node>
        <node class="Sequence" id="46">
          <node class="Assignment" id="16">
            <property CastRight="false" />
            <property Opl="int Self.FirstAgent::m_nVal" />
            <property Opr="const int 3" />
          </node>
          <node class="Action" id="47">
            <property Method="Self.FirstAgent::PrintInt()" />
            <property ResultOption="BT_SUCCESS" />
          </node>
        </node>
      </node>
    </node>
    <node class="Sequence" id="2">
      <node class="IfElse" id="3">
        <node class="Condition" id="14">
          <property Operator="Greater" />
          <property Opl="int Self.FirstAgent::m_nVal" />
          <property Opr="const int 0" />
        </node>
        <node class="Sequence" id="17">
          <node class="Assignment" id="18">
            <property CastRight="false" />
            <property Opl="int Self.FirstAgent::m_nVal" />
            <property Opr="const int 4" />
          </node>
          <node class="Action" id="19">
            <property Method="Self.FirstAgent::PrintInt()" />
            <property ResultOption="BT_SUCCESS" />
          </node>
        </node>
        <node class="Sequence" id="20">
          <node class="Assignment" id="21">
            <property CastRight="false" />
            <property Opl="int Self.FirstAgent::m_nVal" />
            <property Opr="const int 5" />
          </node>
          <node class="Action" id="22">
            <property Method="Self.FirstAgent::PrintInt()" />
            <property ResultOption="BT_SUCCESS" />
          </node>
        </node>
      </node>
      <node class="SequenceStochastic" id="4">
        <node class="Sequence" id="38">
          <node class="Assignment" id="26">
            <property CastRight="false" />
            <property Opl="int Self.FirstAgent::m_nVal" />
            <property Opr="const int 7" />
          </node>
          <node class="Action" id="25">
            <property Method="Self.FirstAgent::PrintInt()" />
            <property ResultOption="BT_SUCCESS" />
          </node>
        </node>
        <node class="Sequence" id="39">
          <node class="Assignment" id="24">
            <property CastRight="false" />
            <property Opl="int Self.FirstAgent::m_nVal" />
            <property Opr="const int 6" />
          </node>
          <node class="Action" id="23">
            <property Method="Self.FirstAgent::PrintInt()" />
            <property ResultOption="BT_SUCCESS" />
          </node>
        </node>
      </node>
      <node class="IfElse" id="48">
        <node class="Condition" id="49">
          <property Operator="Equal" />
          <property Opl="int Self.FirstAgent::m_nVal" />
          <property Opr="const int 7" />
        </node>
        <node class="Action" id="50">
          <property Method="Self.FirstAgent::Print(&quot;m_nVal == 7&quot;)" />
          <property ResultOption="BT_SUCCESS" />
        </node>
        <node class="Action" id="51">
          <property Method="Self.FirstAgent::Print(&quot;m_nVal != 7&quot;)" />
          <property ResultOption="BT_SUCCESS" />
        </node>
      </node>
    </node>
    <node class="SelectorLoop" id="7">
      <property ResetChildren="false" />
      <node class="WithPrecondition" id="8">
        <node class="Condition" id="28">
          <property Operator="Equal" />
          <property Opl="bool Self.FirstAgent::m_bFlag" />
          <property Opr="const bool true" />
        </node>
        <node class="Sequence" id="29">
          <node class="Assignment" id="31">
            <property CastRight="false" />
            <property Opl="bool Self.FirstAgent::m_bFlag" />
            <property Opr="const bool false" />
          </node>
          <node class="WaitFrames" id="30">
            <property Frames="const int 5" />
          </node>
          <node class="Assignment" id="13">
            <property CastRight="false" />
            <property Opl="int Self.FirstAgent::m_nVal" />
            <property Opr="const int 8" />
          </node>
          <node class="Action" id="37">
            <property Method="Self.FirstAgent::PrintInt()" />
            <property ResultOption="BT_SUCCESS" />
          </node>
        </node>
      </node>
      <node class="WithPrecondition" id="27">
        <node class="Condition" id="32">
          <property Operator="Equal" />
          <property Opl="bool Self.FirstAgent::m_bFlag" />
          <property Opr="const bool false" />
        </node>
        <node class="Sequence" id="33">
          <node class="WaitFrames" id="34">
            <property Frames="const int 2" />
          </node>
          <node class="Assignment" id="35">
            <property CastRight="false" />
            <property Opl="int Self.FirstAgent::m_nVal" />
            <property Opr="const int 9" />
          </node>
          <node class="Action" id="36">
            <property Method="Self.FirstAgent::PrintInt()" />
            <property ResultOption="BT_SUCCESS" />
          </node>
        </node>
      </node>
    </node>
  </node>
</behavior>