<?xml version="1.0" encoding="utf-8"?>
<!--EXPORTED BY TOOL, DON'T MODIFY IT!-->
<!--Source File: 4_Combine_Task.xml-->
<behavior name="4_Combine_Task" agenttype="FirstAgent" version="5">
  <pars>
    <par name="_$local_task_param_$_0" type="int" value="0" />
  </pars>
  <node class="Task" id="0">
    <property Prototype="Self.FirstAgent::event_task(0)" />
    <property IsHTN="false" />
    <node class="Sequence" id="1">
      <node class="Assignment" id="2">
        <property CastRight="false" />
        <property Opl="int Self.FirstAgent::m_nVal" />
        <property Opr="int Self.FirstAgent::_$local_task_param_$_0" />
      </node>
      <node class="Assignment" id="4">
        <property CastRight="false" />
        <property Opl="bool Self.FirstAgent::m_bFlag" />
        <property Opr="const bool true" />
      </node>
      <node class="Action" id="3">
        <property Method="Self.FirstAgent::PrintInt()" />
        <property ResultOption="BT_SUCCESS" />
      </node>
    </node>
  </node>
</behavior>