<?xml version="1.0" encoding="utf-8"?>
<!--EXPORTED BY TOOL, DON'T MODIFY IT!-->
<!--Source File: 5_Combine_2.xml-->
<behavior name="5_Combine_2" agenttype="FirstAgent" version="5">
  <node class="Sequence" id="0">
    <attachment class="Event" id="6" flag="event">
      <property ReferenceFilename="4_Combine_Task" />
      <property Task="Self.FirstAgent::event_task(0)" />
      <property TriggeredOnce="false" />
      <property TriggerMode="Return" />
    </attachment>
    <node class="Assignment" id="1">
      <property CastRight="false" />
      <property Opl="bool Self.FirstAgent::m_bFlag" />
      <property Opr="const bool false" />
    </node>
    <node class="WaitforSignal" id="2">
      <custom>
        <node class="Condition" id="3">
          <property Operator="Equal" />
          <property Opl="bool Self.FirstAgent::m_bFlag" />
          <property Opr="const bool true" />
        </node>
      </custom>
    </node>
    <node class="Assignment" id="4">
      <property CastRight="false" />
      <property Opl="int Self.FirstAgent::m_nVal" />
      <property Opr="const int 11" />
    </node>
    <node class="Action" id="5">
      <property Method="Self.FirstAgent::PrintInt()" />
      <property ResultOption="BT_SUCCESS" />
    </node>
    <node class="ReferencedBehavior" id="7">
      <property ReferenceBehavior="const string &quot;4_Combne_Print&quot;" />
    </node>
    <node class="ReferencedBehavior" id="8">
      <property ReferenceBehavior="const string &quot;4_Combine_Task&quot;" />
      <property Task="Self.FirstAgent::event_task(0)" />
    </node>
  </node>
</behavior>