<?xml version="1.0" encoding="utf-8"?>
<!--EXPORTED BY TOOL, DON'T MODIFY IT!-->
<!--Source File: 6_Adorner.xml-->
<behavior name="6_Adorner" agenttype="FirstAgent" version="5">
  <node class="Sequence" id="0">
    <node class="DecoratorNot" id="1">
      <property DecorateWhenChildEnds="false" />
      <node class="Condition" id="2">
        <property Operator="Equal" />
        <property Opl="bool Self.FirstAgent::m_bFlag" />
        <property Opr="const bool false" />
      </node>
    </node>
    <node class="DecoratorTime" id="3">
      <property DecorateWhenChildEnds="false" />
      <property Time="const float 1" />
      <node class="Assignment" id="4">
        <property CastRight="false" />
        <property Opl="int Self.FirstAgent::m_nVal" />
        <property Opr="const int 12" />
      </node>
    </node>
    <node class="Action" id="5">
      <property Method="Self.FirstAgent::PrintInt()" />
      <property ResultOption="BT_SUCCESS" />
    </node>
    <node class="DecoratorLoop" id="6">
      <property Count="const int 5" />
      <property DecorateWhenChildEnds="true" />
      <property DoneWithinFrame="false" />
      <node class="Sequence" id="10">
        <node class="Compute" id="7">
          <property Operator="Add" />
          <property Opl="int Self.FirstAgent::m_nVal" />
          <property Opr1="int Self.FirstAgent::m_nVal" />
          <property Opr2="const int 1" />
        </node>
        <node class="Action" id="11">
          <property Method="Self.FirstAgent::PrintInt()" />
          <property ResultOption="BT_SUCCESS" />
        </node>
      </node>
    </node>
    <node class="DecoratorFrames" id="8">
      <property DecorateWhenChildEnds="false" />
      <property Frames="const int 3" />
      <node class="Sequence" id="12">
        <node class="Compute" id="9">
          <property Operator="Sub" />
          <property Opl="int Self.FirstAgent::m_nVal" />
          <property Opr1="int Self.FirstAgent::m_nVal" />
          <property Opr2="const int 1" />
        </node>
        <node class="Action" id="13">
          <property Method="Self.FirstAgent::PrintInt()" />
          <property ResultOption="BT_SUCCESS" />
        </node>
      </node>
    </node>
    <node class="DecoratorCountLimit" id="14">
      <property Count="const int 2" />
      <property DecorateWhenChildEnds="true" />
      <node class="Sequence" id="15">
        <node class="Compute" id="16">
          <property Operator="Sub" />
          <property Opl="int Self.FirstAgent::m_nVal" />
          <property Opr1="int Self.FirstAgent::m_nVal" />
          <property Opr2="const int 1" />
        </node>
        <node class="Action" id="17">
          <property Method="Self.FirstAgent::PrintInt()" />
          <property ResultOption="BT_SUCCESS" />
        </node>
      </node>
    </node>
    <node class="DecoratorLog" id="18">
      <property DecorateWhenChildEnds="false" />
      <property Log="AdornerTest" />
      <node class="Action" id="31">
        <property Method="Self.FirstAgent::Print(&quot;AdornerTest: PrintMsg&quot;)" />
        <property ResultOption="BT_SUCCESS" />
      </node>
    </node>
    <node class="DecoratorLoopUntil" id="19">
      <property Count="int Self.FirstAgent::m_nVal" />
      <property DecorateWhenChildEnds="true" />
      <property Until="false" />
      <node class="Sequence" id="20">
        <node class="Compute" id="21">
          <property Operator="Add" />
          <property Opl="int Self.FirstAgent::m_nVal" />
          <property Opr1="int Self.FirstAgent::m_nVal" />
          <property Opr2="const int 1" />
        </node>
        <node class="Action" id="22">
          <property Method="Self.FirstAgent::PrintInt()" />
          <property ResultOption="BT_SUCCESS" />
        </node>
      </node>
    </node>
    <node class="DecoratorAlwaysSuccess" id="23">
      <property DecorateWhenChildEnds="false" />
      <node class="Parallel" id="24">
        <property ChildFinishPolicy="CHILDFINISH_LOOP" />
        <property ExitPolicy="EXIT_ABORT_RUNNINGSIBLINGS" />
        <property FailurePolicy="FAIL_ON_ONE" />
        <property SuccessPolicy="SUCCEED_ON_ALL" />
        <node class="Condition" id="25">
          <property Operator="Equal" />
          <property Opl="bool Self.FirstAgent::m_bFlag" />
          <property Opr="const bool true" />
        </node>
        <node class="Condition" id="26">
          <property Operator="Equal" />
          <property Opl="bool Self.FirstAgent::m_bFlag" />
          <property Opr="const bool false" />
        </node>
        <node class="Sequence" id="28">
          <node class="Compute" id="27">
            <property Operator="Div" />
            <property Opl="int Self.FirstAgent::m_nVal" />
            <property Opr1="int Self.FirstAgent::m_nVal" />
            <property Opr2="const int 2" />
          </node>
          <node class="Action" id="29">
            <property Method="Self.FirstAgent::PrintInt()" />
            <property ResultOption="BT_SUCCESS" />
          </node>
        </node>
      </node>
    </node>
    <node class="Action" id="30">
      <property Method="Self.FirstAgent::Print(&quot;AdornerTest: The last one&quot;)" />
      <property ResultOption="BT_SUCCESS" />
    </node>
  </node>
</behavior>