<?xml version="1.0" encoding="utf-8"?>
<!--EXPORTED BY TOOL, DON'T MODIFY IT!-->
<!--Source File: 7_StateMachine.xml-->
<behavior name="7_StateMachine" agenttype="FirstAgent" fsm="true" version="5">
  <node class="FSM" id="-1">
    <property initialid="1" />
    <node class="State" id="1">
      <property IsEndState="false" />
      <attachment class="Precondition" id="2" flag="precondition">
        <property BinaryOperator="And" />
        <property Operator="Assign" />
        <property Opl="int Self.FirstAgent::m_nVal" />
        <property Opr2="const int 0" />
        <property Phase="Enter" />
      </attachment>
      <attachment class="Precondition" id="3" flag="precondition">
        <property BinaryOperator="And" />
        <property Operator="Invalid" />
        <property Opl="Self.FirstAgent::Print(&quot;Now State: State_0&quot;)" />
        <property Phase="Enter" />
      </attachment>
      <attachment class="AlwaysTransition" id="6" flag="transition">
        <property TargetFSMNodeId="4" />
        <property TransitionPhase="ETP_Always" />
      </attachment>
    </node>
    <node class="WaitFramesState" id="4">
      <property Frames="const int 3" />
      <property IsEndState="false" />
      <attachment class="WaitTransition" id="5" flag="transition">
        <property TargetFSMNodeId="7" />
      </attachment>
    </node>
    <node class="State" id="7">
      <property IsEndState="false" />
      <attachment class="Precondition" id="8" flag="precondition">
        <property BinaryOperator="And" />
        <property Operator="Assign" />
        <property Opl="int Self.FirstAgent::m_nVal" />
        <property Opr2="const int 1" />
        <property Phase="Enter" />
      </attachment>
      <attachment class="Precondition" id="9" flag="precondition">
        <property BinaryOperator="And" />
        <property Operator="Invalid" />
        <property Opl="Self.FirstAgent::Print(&quot;Now State: State_1&quot;)" />
        <property Phase="Enter" />
      </attachment>
      <attachment class="Transition" id="12" flag="transition">
        <property Operator="Equal" />
        <property Opl="int Self.FirstAgent::m_nVal" />
        <property Opr2="const int 2" />
        <property TargetFSMNodeId="10" />
      </attachment>
    </node>
    <node class="WaitState" id="10">
      <property IsEndState="false" />
      <property Time="const float 1" />
      <attachment class="WaitTransition" id="11" flag="transition">
        <property TargetFSMNodeId="13" />
      </attachment>
    </node>
    <node class="State" id="13">
      <property IsEndState="true" />
      <attachment class="Precondition" id="14" flag="precondition">
        <property BinaryOperator="And" />
        <property Operator="Invalid" />
        <property Opl="Self.FirstAgent::Print(&quot;Now State: State_2&quot;)" />
        <property Phase="Enter" />
      </attachment>
    </node>
  </node>
</behavior>