<?xml version="1.0" encoding="utf-8"?>
<!--EXPORTED BY TOOL, DON'T MODIFY IT!-->
<!--Source File: FirstBT.xml-->
<behavior name="FirstBT" agenttype="FirstAgent" version="5">
  <pars>
    <par name="_$local_task_param_$_0" type="int" value="0" />
  </pars>
  <node class="Sequence" id="0">
    <node class="Noop" id="6" />
    <node class="DecoratorLoop" id="3">
      <property Count="const int 2" />
      <property DecorateWhenChildEnds="true" />
      <property DoneWithinFrame="false" />
      <node class="Compute" id="5">
        <property Operator="Add" />
        <property Opl="int Self.FirstAgent::m_nVal" />
        <property Opr1="const int 0" />
        <property Opr2="const int 0" />
      </node>
    </node>
    <node class="Action" id="2">
      <property Method="Self.FirstAgent::Print(&quot;HAHAHA&quot;)" />
      <property ResultOption="BT_SUCCESS" />
    </node>
    <node class="End" id="4">
      <property EndOutside="false" />
      <property EndStatus="const behaviac::EBTStatus BT_SUCCESS" />
    </node>
    <node class="Action" id="1">
      <property Method="Self.FirstAgent::Print(&quot;End&quot;)" />
      <property ResultOption="BT_SUCCESS" />
    </node>
    <node class="Sequence" id="7">
      <node class="False" id="8" />
      <node class="Action" id="9">
        <property Method="Self.FirstAgent::Print(&quot;Failure&quot;)" />
        <property ResultOption="BT_SUCCESS" />
      </node>
    </node>
  </node>
</behavior>