﻿<?xml version="1.0" encoding="utf-8"?>
<Behavior Version="5" NoError="true">
  <Node Class="Behaviac.Design.Nodes.Behavior" AgentType="FirstAgent" Domains="" Enable="true" HasOwnPrefabData="false" Id="-1" PrefabName="" PrefabNodeId="-1">
    <Comment Background="NoColor" Text="" />
    <DescriptorRefs value="0:" />
    <Connector Identifier="GenericChildren">
      <Node Class="PluginBehaviac.Nodes.Action" Enable="true" HasOwnPrefabData="false" Id="0" Method="Self.FristAgent::Print(&quot;AttachTest&quot;)" PrefabName="" PrefabNodeId="-1" ResultFunctor="&quot;&quot;" ResultOption="BT_SUCCESS">
        <Comment Background="NoColor" Text="" />
        <Attachment Class="PluginBehaviac.Events.Precondition" BinaryOperator="And" Enable="true" Id="1" Operator="Equal" Opl="int Self.FristAgent::m_nVal" Opr1="&quot;&quot;" Opr2="const int 1" Phase="Enter" PrefabAttachmentId="-1" />
        <Attachment Class="PluginBehaviac.Events.Precondition" BinaryOperator="And" Enable="true" Id="2" Operator="Equal" Opl="bool Self.FristAgent::m_bFlag" Opr1="&quot;&quot;" Opr2="const bool true" Phase="Enter" PrefabAttachmentId="-1" />
        <Attachment Class="PluginBehaviac.Events.Effector" Enable="true" Id="3" Operator="Assign" Opl="bool Self.FristAgent::m_bFlag" Opr1="&quot;&quot;" Opr2="const bool false" Phase="Success" PrefabAttachmentId="-1" />
        <Attachment Class="PluginBehaviac.Events.Effector" Enable="true" Id="4" Operator="Assign" Opl="int Self.FristAgent::m_nVal" Opr1="&quot;&quot;" Opr2="const int 0" Phase="Success" PrefabAttachmentId="-1" />
      </Node>
    </Connector>
  </Node>
</Behavior>