﻿<?xml version="1.0" encoding="utf-8"?>
<Behavior Version="5" NoError="true">
  <Node Class="Behaviac.Design.Nodes.Behavior" AgentType="FirstAgent" Domains="" Enable="true" HasOwnPrefabData="false" Id="-1" PrefabName="" PrefabNodeId="-1">
    <Comment Background="NoColor" Text="" />
    <DescriptorRefs value="0:" />
    <Connector Identifier="GenericChildren">
      <Node Class="PluginBehaviac.Nodes.Sequence" Enable="true" HasOwnPrefabData="false" Id="0" PrefabName="" PrefabNodeId="-1">
        <Comment Background="NoColor" Text="" />
        <Connector Identifier="GenericChildren">
          <Node Class="PluginBehaviac.Nodes.Or" Enable="true" HasOwnPrefabData="false" Id="1" PrefabName="" PrefabNodeId="-1">
            <Comment Background="NoColor" Text="" />
            <Connector Identifier="Conditions">
              <Node Class="PluginBehaviac.Nodes.Condition" Enable="true" HasOwnPrefabData="false" Id="2" Operator="Equal" Opl="bool Self.FristAgent::m_bFlag" Opr="const bool true" PrefabName="" PrefabNodeId="-1">
                <Comment Background="NoColor" Text="" />
              </Node>
              <Node Class="PluginBehaviac.Nodes.Condition" Enable="true" HasOwnPrefabData="false" Id="3" Operator="Equal" Opl="int Self.FristAgent::m_nVal" Opr="const int 1" PrefabName="" PrefabNodeId="-1">
                <Comment Background="NoColor" Text="" />
              </Node>
            </Connector>
          </Node>
          <Node Class="PluginBehaviac.Nodes.Assignment" CastRight="false" Enable="true" HasOwnPrefabData="false" Id="4" Opl="int Self.FristAgent::m_nVal" Opr="const int 0" PrefabName="" PrefabNodeId="-1">
            <Comment Background="NoColor" Text="" />
          </Node>
          <Node Class="PluginBehaviac.Nodes.And" Enable="true" HasOwnPrefabData="false" Id="5" PrefabName="" PrefabNodeId="-1">
            <Comment Background="NoColor" Text="" />
            <Connector Identifier="Conditions">
              <Node Class="PluginBehaviac.Nodes.Condition" Enable="true" HasOwnPrefabData="false" Id="6" Operator="Equal" Opl="bool Self.FristAgent::m_bFlag" Opr="const bool true" PrefabName="" PrefabNodeId="-1">
                <Comment Background="NoColor" Text="" />
              </Node>
              <Node Class="PluginBehaviac.Nodes.Condition" Enable="true" HasOwnPrefabData="false" Id="7" Operator="Equal" Opl="int Self.FristAgent::m_nVal" Opr="const int 0" PrefabName="" PrefabNodeId="-1">
                <Comment Background="NoColor" Text="" />
              </Node>
            </Connector>
          </Node>
          <Node Class="PluginBehaviac.Nodes.Assignment" CastRight="false" Enable="true" HasOwnPrefabData="false" Id="8" Opl="bool Self.FristAgent::m_bFlag" Opr="const bool false" PrefabName="" PrefabNodeId="-1">
            <Comment Background="NoColor" Text="" />
          </Node>
          <Node Class="PluginBehaviac.Nodes.Or" Enable="true" HasOwnPrefabData="false" Id="9" PrefabName="" PrefabNodeId="-1">
            <Comment Background="NoColor" Text="" />
            <Connector Identifier="Conditions">
              <Node Class="PluginBehaviac.Nodes.True" Enable="true" HasOwnPrefabData="false" Id="11" PrefabName="" PrefabNodeId="-1">
                <Comment Background="NoColor" Text="" />
              </Node>
              <Node Class="PluginBehaviac.Nodes.Condition" Enable="true" HasOwnPrefabData="false" Id="12" Operator="Equal" Opl="bool Self.FristAgent::m_bFlag" Opr="const bool true" PrefabName="" PrefabNodeId="-1">
                <Comment Background="NoColor" Text="" />
              </Node>
            </Connector>
          </Node>
          <Node Class="PluginBehaviac.Nodes.Action" Enable="true" HasOwnPrefabData="false" Id="10" Method="Self.FristAgent::Print(&quot;ConditionTest&quot;)" PrefabName="" PrefabNodeId="-1" ResultFunctor="&quot;&quot;" ResultOption="BT_SUCCESS">
            <Comment Background="NoColor" Text="" />
          </Node>
        </Connector>
      </Node>
    </Connector>
  </Node>
</Behavior>