﻿<?xml version="1.0" encoding="utf-8"?>
<Behavior Version="5" NoError="true">
  <Node Class="Behaviac.Design.Nodes.Behavior" AgentType="FirstAgent" Domains="" Enable="true" HasOwnPrefabData="false" Id="-1" PrefabName="" PrefabNodeId="-1">
    <Comment Background="NoColor" Text="" />
    <DescriptorRefs value="0:" />
    <Connector Identifier="GenericChildren">
      <Node Class="PluginBehaviac.Nodes.Sequence" Enable="true" HasOwnPrefabData="false" Id="0" PrefabName="" PrefabNodeId="-1">
        <Comment Background="NoColor" Text="" />
        <Connector Identifier="GenericChildren">
          <Node Class="PluginBehaviac.Nodes.Action" Enable="true" HasOwnPrefabData="false" Id="2" Method="Self.FirstAgent::Print(&quot;ActionTest: Wait 1ms&quot;)" PrefabName="" PrefabNodeId="-1" ResultFunctor="&quot;&quot;" ResultOption="BT_SUCCESS">
            <Comment Background="NoColor" Text="" />
          </Node>
          <Node Class="PluginBehaviac.Nodes.Wait" Enable="true" HasOwnPrefabData="false" Id="1" PrefabName="" PrefabNodeId="-1" Time="const float 1">
            <Comment Background="NoColor" Text="" />
          </Node>
          <Node Class="PluginBehaviac.Nodes.Action" Enable="true" HasOwnPrefabData="false" Id="3" Method="Self.FirstAgent::Print(&quot;ActionTest: Assign action&quot;)" PrefabName="" PrefabNodeId="-1" ResultFunctor="&quot;&quot;" ResultOption="BT_SUCCESS">
            <Comment Background="NoColor" Text="" />
          </Node>
          <Node Class="PluginBehaviac.Nodes.Assignment" CastRight="false" Enable="true" HasOwnPrefabData="false" Id="4" Opl="bool Self.FirstAgent::m_bFlag" Opr="const bool false" PrefabName="" PrefabNodeId="-1">
            <Comment Background="NoColor" Text="" />
          </Node>
          <Node Class="PluginBehaviac.Nodes.Action" Enable="true" HasOwnPrefabData="false" Id="5" Method="Self.FirstAgent::Print(&quot;ActionTest: Calc action&quot;)" PrefabName="" PrefabNodeId="-1" ResultFunctor="&quot;&quot;" ResultOption="BT_SUCCESS">
            <Comment Background="NoColor" Text="" />
          </Node>
          <Node Class="PluginBehaviac.Nodes.Compute" Enable="true" HasOwnPrefabData="false" Id="6" Operator="Mul" Opl="int Self.FirstAgent::m_nVal" Opr1="int Self.FirstAgent::m_nVal" Opr2="const int 2" PrefabName="" PrefabNodeId="-1">
            <Comment Background="NoColor" Text="" />
          </Node>
          <Node Class="PluginBehaviac.Nodes.Action" Enable="true" HasOwnPrefabData="false" Id="7" Method="Self.FirstAgent::PrintInt()" PrefabName="" PrefabNodeId="-1" ResultFunctor="&quot;&quot;" ResultOption="BT_SUCCESS">
            <Comment Background="NoColor" Text="" />
          </Node>
          <Node Class="PluginBehaviac.Nodes.Noop" Enable="true" HasOwnPrefabData="false" Id="12" PrefabName="" PrefabNodeId="-1">
            <Comment Background="NoColor" Text="" />
          </Node>
          <Node Class="PluginBehaviac.Nodes.WaitFrames" Enable="true" Frames="const int 4" HasOwnPrefabData="false" Id="8" PrefabName="" PrefabNodeId="-1">
            <Comment Background="NoColor" Text="" />
          </Node>
          <Node Class="PluginBehaviac.Nodes.Action" Enable="true" HasOwnPrefabData="false" Id="11" Method="Self.FirstAgent::Print(&quot;ActionTest: End&quot;)" PrefabName="" PrefabNodeId="-1" ResultFunctor="&quot;&quot;" ResultOption="BT_SUCCESS">
            <Comment Background="NoColor" Text="" />
          </Node>
          <Node Class="PluginBehaviac.Nodes.End" Enable="true" EndOutside="false" EndStatus="const behaviac::EBTStatus BT_SUCCESS" HasOwnPrefabData="false" Id="9" PrefabName="" PrefabNodeId="-1">
            <Comment Background="NoColor" Text="" />
          </Node>
          <Node Class="PluginBehaviac.Nodes.Action" Enable="true" HasOwnPrefabData="false" Id="10" Method="Self.FirstAgent::Print(&quot;ActionTest: Impossible&quot;)" PrefabName="" PrefabNodeId="-1" ResultFunctor="&quot;&quot;" ResultOption="BT_SUCCESS">
            <Comment Background="NoColor" Text="" />
          </Node>
        </Connector>
      </Node>
    </Connector>
  </Node>
</Behavior>