﻿<?xml version="1.0" encoding="utf-8"?>
<Behavior Version="5" NoError="true">
  <Node Class="Behaviac.Design.Nodes.Behavior" AgentType="FirstAgent" Domains="" Enable="true" HasOwnPrefabData="false" Id="-1" PrefabName="" PrefabNodeId="-1">
    <Comment Background="NoColor" Text="" />
    <DescriptorRefs value="0:" />
    <Connector Identifier="GenericChildren">
      <Node Class="PluginBehaviac.Nodes.Parallel" ChildFinishPolicy="CHILDFINISH_LOOP" Enable="true" ExitPolicy="EXIT_ABORT_RUNNINGSIBLINGS" FailurePolicy="FAIL_ON_ONE" HasOwnPrefabData="false" Id="0" PrefabName="" PrefabNodeId="-1" SuccessPolicy="SUCCEED_ON_ALL">
        <Comment Background="NoColor" Text="" />
        <Connector Identifier="GenericChildren">
          <Node Class="PluginBehaviac.Nodes.Selector" Enable="true" HasOwnPrefabData="false" Id="1" PrefabName="" PrefabNodeId="-1">
            <Comment Background="NoColor" Text="" />
            <Connector Identifier="GenericChildren">
              <Node Class="PluginBehaviac.Nodes.SelectorProbability" Enable="true" HasOwnPrefabData="false" Id="5" PrefabName="" PrefabNodeId="-1" RandomGenerator="&quot;&quot;">
                <Comment Background="NoColor" Text="" />
                <Connector Identifier="GenericChildren">
                  <Node Class="PluginBehaviac.Nodes.DecoratorWeight" DecorateWhenChildEnds="false" Enable="true" HasOwnPrefabData="false" Id="9" PrefabName="" PrefabNodeId="-1" Weight="const int 1">
                    <Comment Background="NoColor" Text="" />
                    <Connector Identifier="GenericChildren">
                      <Node Class="PluginBehaviac.Nodes.Sequence" Enable="true" HasOwnPrefabData="false" Id="10" PrefabName="" PrefabNodeId="-1">
                        <Comment Background="NoColor" Text="" />
                        <Connector Identifier="GenericChildren">
                          <Node Class="PluginBehaviac.Nodes.Assignment" CastRight="false" Enable="true" HasOwnPrefabData="false" Id="12" Opl="int Self.FirstAgent::m_nVal" Opr="const int 0" PrefabName="" PrefabNodeId="-1">
                            <Comment Background="NoColor" Text="" />
                          </Node>
                          <Node Class="PluginBehaviac.Nodes.Action" Enable="true" HasOwnPrefabData="false" Id="40" Method="Self.FirstAgent::PrintInt()" PrefabName="" PrefabNodeId="-1" ResultFunctor="&quot;&quot;" ResultOption="BT_SUCCESS">
                            <Comment Background="NoColor" Text="" />
                          </Node>
                        </Connector>
                      </Node>
                    </Connector>
                  </Node>
                  <Node Class="PluginBehaviac.Nodes.DecoratorWeight" DecorateWhenChildEnds="false" Enable="true" HasOwnPrefabData="false" Id="11" PrefabName="" PrefabNodeId="-1" Weight="const int 1">
                    <Comment Background="NoColor" Text="" />
                    <Connector Identifier="GenericChildren">
                      <Node Class="PluginBehaviac.Nodes.Sequence" Enable="true" HasOwnPrefabData="false" Id="41" PrefabName="" PrefabNodeId="-1">
                        <Comment Background="NoColor" Text="" />
                        <Connector Identifier="GenericChildren">
                          <Node Class="PluginBehaviac.Nodes.Assignment" CastRight="false" Enable="true" HasOwnPrefabData="false" Id="43" Opl="int Self.FirstAgent::m_nVal" Opr="const int 1" PrefabName="" PrefabNodeId="-1">
                            <Comment Background="NoColor" Text="" />
                          </Node>
                          <Node Class="PluginBehaviac.Nodes.Action" Enable="true" HasOwnPrefabData="false" Id="44" Method="Self.FirstAgent::PrintInt()" PrefabName="" PrefabNodeId="-1" ResultFunctor="&quot;&quot;" ResultOption="BT_SUCCESS">
                            <Comment Background="NoColor" Text="" />
                          </Node>
                        </Connector>
                      </Node>
                    </Connector>
                  </Node>
                </Connector>
              </Node>
              <Node Class="PluginBehaviac.Nodes.SelectorStochastic" Enable="true" HasOwnPrefabData="false" Id="6" PrefabName="" PrefabNodeId="-1" RandomGenerator="&quot;&quot;">
                <Comment Background="NoColor" Text="" />
                <Connector Identifier="GenericChildren">
                  <Node Class="PluginBehaviac.Nodes.Sequence" Enable="true" HasOwnPrefabData="false" Id="42" PrefabName="" PrefabNodeId="-1">
                    <Comment Background="NoColor" Text="" />
                    <Connector Identifier="GenericChildren">
                      <Node Class="PluginBehaviac.Nodes.Assignment" CastRight="false" Enable="true" HasOwnPrefabData="false" Id="15" Opl="int Self.FirstAgent::m_nVal" Opr="const int 2" PrefabName="" PrefabNodeId="-1">
                        <Comment Background="NoColor" Text="" />
                      </Node>
                      <Node Class="PluginBehaviac.Nodes.Action" Enable="true" HasOwnPrefabData="false" Id="45" Method="Self.FirstAgent::PrintInt()" PrefabName="" PrefabNodeId="-1" ResultFunctor="&quot;&quot;" ResultOption="BT_SUCCESS">
                        <Comment Background="NoColor" Text="" />
                      </Node>
                    </Connector>
                  </Node>
                  <Node Class="PluginBehaviac.Nodes.Sequence" Enable="true" HasOwnPrefabData="false" Id="46" PrefabName="" PrefabNodeId="-1">
                    <Comment Background="NoColor" Text="" />
                    <Connector Identifier="GenericChildren">
                      <Node Class="PluginBehaviac.Nodes.Assignment" CastRight="false" Enable="true" HasOwnPrefabData="false" Id="16" Opl="int Self.FirstAgent::m_nVal" Opr="const int 3" PrefabName="" PrefabNodeId="-1">
                        <Comment Background="NoColor" Text="" />
                      </Node>
                      <Node Class="PluginBehaviac.Nodes.Action" Enable="true" HasOwnPrefabData="false" Id="47" Method="Self.FirstAgent::PrintInt()" PrefabName="" PrefabNodeId="-1" ResultFunctor="&quot;&quot;" ResultOption="BT_SUCCESS">
                        <Comment Background="NoColor" Text="" />
                      </Node>
                    </Connector>
                  </Node>
                </Connector>
              </Node>
            </Connector>
          </Node>
          <Node Class="PluginBehaviac.Nodes.Sequence" Enable="true" HasOwnPrefabData="false" Id="2" PrefabName="" PrefabNodeId="-1">
            <Comment Background="NoColor" Text="" />
            <Connector Identifier="GenericChildren">
              <Node Class="PluginBehaviac.Nodes.IfElse" Enable="true" HasOwnPrefabData="false" Id="3" PrefabName="" PrefabNodeId="-1">
                <Comment Background="NoColor" Text="" />
                <Connector Identifier="_condition">
                  <Node Class="PluginBehaviac.Nodes.Condition" Enable="true" HasOwnPrefabData="false" Id="14" Operator="Greater" Opl="int Self.FirstAgent::m_nVal" Opr="const int 0" PrefabName="" PrefabNodeId="-1">
                    <Comment Background="NoColor" Text="" />
                  </Node>
                </Connector>
                <Connector Identifier="_if">
                  <Node Class="PluginBehaviac.Nodes.Sequence" Enable="true" HasOwnPrefabData="false" Id="17" PrefabName="" PrefabNodeId="-1">
                    <Comment Background="NoColor" Text="" />
                    <Connector Identifier="GenericChildren">
                      <Node Class="PluginBehaviac.Nodes.Assignment" CastRight="false" Enable="true" HasOwnPrefabData="false" Id="18" Opl="int Self.FirstAgent::m_nVal" Opr="const int 4" PrefabName="" PrefabNodeId="-1">
                        <Comment Background="NoColor" Text="" />
                      </Node>
                      <Node Class="PluginBehaviac.Nodes.Action" Enable="true" HasOwnPrefabData="false" Id="19" Method="Self.FirstAgent::PrintInt()" PrefabName="" PrefabNodeId="-1" ResultFunctor="&quot;&quot;" ResultOption="BT_SUCCESS">
                        <Comment Background="NoColor" Text="" />
                      </Node>
                    </Connector>
                  </Node>
                </Connector>
                <Connector Identifier="_else">
                  <Node Class="PluginBehaviac.Nodes.Sequence" Enable="true" HasOwnPrefabData="false" Id="20" PrefabName="" PrefabNodeId="-1">
                    <Comment Background="NoColor" Text="" />
                    <Connector Identifier="GenericChildren">
                      <Node Class="PluginBehaviac.Nodes.Assignment" CastRight="false" Enable="true" HasOwnPrefabData="false" Id="21" Opl="int Self.FirstAgent::m_nVal" Opr="const int 5" PrefabName="" PrefabNodeId="-1">
                        <Comment Background="NoColor" Text="" />
                      </Node>
                      <Node Class="PluginBehaviac.Nodes.Action" Enable="true" HasOwnPrefabData="false" Id="22" Method="Self.FirstAgent::PrintInt()" PrefabName="" PrefabNodeId="-1" ResultFunctor="&quot;&quot;" ResultOption="BT_SUCCESS">
                        <Comment Background="NoColor" Text="" />
                      </Node>
                    </Connector>
                  </Node>
                </Connector>
              </Node>
              <Node Class="PluginBehaviac.Nodes.SequenceStochastic" Enable="true" HasOwnPrefabData="false" Id="4" PrefabName="" PrefabNodeId="-1" RandomGenerator="&quot;&quot;">
                <Comment Background="NoColor" Text="" />
                <Connector Identifier="GenericChildren">
                  <Node Class="PluginBehaviac.Nodes.Sequence" Enable="true" HasOwnPrefabData="false" Id="38" PrefabName="" PrefabNodeId="-1">
                    <Comment Background="NoColor" Text="" />
                    <Connector Identifier="GenericChildren">
                      <Node Class="PluginBehaviac.Nodes.Assignment" CastRight="false" Enable="true" HasOwnPrefabData="false" Id="26" Opl="int Self.FirstAgent::m_nVal" Opr="const int 7" PrefabName="" PrefabNodeId="-1">
                        <Comment Background="NoColor" Text="" />
                      </Node>
                      <Node Class="PluginBehaviac.Nodes.Action" Enable="true" HasOwnPrefabData="false" Id="25" Method="Self.FirstAgent::PrintInt()" PrefabName="" PrefabNodeId="-1" ResultFunctor="&quot;&quot;" ResultOption="BT_SUCCESS">
                        <Comment Background="NoColor" Text="" />
                      </Node>
                    </Connector>
                  </Node>
                  <Node Class="PluginBehaviac.Nodes.Sequence" Enable="true" HasOwnPrefabData="false" Id="39" PrefabName="" PrefabNodeId="-1">
                    <Comment Background="NoColor" Text="" />
                    <Connector Identifier="GenericChildren">
                      <Node Class="PluginBehaviac.Nodes.Assignment" CastRight="false" Enable="true" HasOwnPrefabData="false" Id="24" Opl="int Self.FirstAgent::m_nVal" Opr="const int 6" PrefabName="" PrefabNodeId="-1">
                        <Comment Background="NoColor" Text="" />
                      </Node>
                      <Node Class="PluginBehaviac.Nodes.Action" Enable="true" HasOwnPrefabData="false" Id="23" Method="Self.FirstAgent::PrintInt()" PrefabName="" PrefabNodeId="-1" ResultFunctor="&quot;&quot;" ResultOption="BT_SUCCESS">
                        <Comment Background="NoColor" Text="" />
                      </Node>
                    </Connector>
                  </Node>
                </Connector>
              </Node>
              <Node Class="PluginBehaviac.Nodes.IfElse" Enable="true" HasOwnPrefabData="false" Id="48" PrefabName="" PrefabNodeId="-1">
                <Comment Background="NoColor" Text="" />
                <Connector Identifier="_condition">
                  <Node Class="PluginBehaviac.Nodes.Condition" Enable="true" HasOwnPrefabData="false" Id="49" Operator="Equal" Opl="int Self.FirstAgent::m_nVal" Opr="const int 7" PrefabName="" PrefabNodeId="-1">
                    <Comment Background="NoColor" Text="" />
                  </Node>
                </Connector>
                <Connector Identifier="_if">
                  <Node Class="PluginBehaviac.Nodes.Action" Enable="true" HasOwnPrefabData="false" Id="50" Method="Self.FirstAgent::Print(&quot;m_nVal == 7&quot;)" PrefabName="" PrefabNodeId="-1" ResultFunctor="&quot;&quot;" ResultOption="BT_SUCCESS">
                    <Comment Background="NoColor" Text="" />
                  </Node>
                </Connector>
                <Connector Identifier="_else">
                  <Node Class="PluginBehaviac.Nodes.Action" Enable="true" HasOwnPrefabData="false" Id="51" Method="Self.FirstAgent::Print(&quot;m_nVal != 7&quot;)" PrefabName="" PrefabNodeId="-1" ResultFunctor="&quot;&quot;" ResultOption="BT_SUCCESS">
                    <Comment Background="NoColor" Text="" />
                  </Node>
                </Connector>
              </Node>
            </Connector>
          </Node>
          <Node Class="PluginBehaviac.Nodes.SelectorLoop" Enable="true" HasOwnPrefabData="false" Id="7" PrefabName="" PrefabNodeId="-1" ResetChildren="false">
            <Comment Background="NoColor" Text="" />
            <Connector Identifier="GenericChildren">
              <Node Class="PluginBehaviac.Nodes.WithPrecondition" Enable="true" HasOwnPrefabData="false" Id="8" PrefabName="" PrefabNodeId="-1">
                <Comment Background="NoColor" Text="" />
                <Connector Identifier="Precondition">
                  <Node Class="PluginBehaviac.Nodes.Condition" Enable="true" HasOwnPrefabData="false" Id="28" Operator="Equal" Opl="bool Self.FirstAgent::m_bFlag" Opr="const bool true" PrefabName="" PrefabNodeId="-1">
                    <Comment Background="NoColor" Text="" />
                  </Node>
                </Connector>
                <Connector Identifier="Action">
                  <Node Class="PluginBehaviac.Nodes.Sequence" Enable="true" HasOwnPrefabData="false" Id="29" PrefabName="" PrefabNodeId="-1">
                    <Comment Background="NoColor" Text="" />
                    <Connector Identifier="GenericChildren">
                      <Node Class="PluginBehaviac.Nodes.Assignment" CastRight="false" Enable="true" HasOwnPrefabData="false" Id="31" Opl="bool Self.FirstAgent::m_bFlag" Opr="const bool false" PrefabName="" PrefabNodeId="-1">
                        <Comment Background="NoColor" Text="" />
                      </Node>
                      <Node Class="PluginBehaviac.Nodes.WaitFrames" Enable="true" Frames="const int 5" HasOwnPrefabData="false" Id="30" PrefabName="" PrefabNodeId="-1">
                        <Comment Background="NoColor" Text="" />
                      </Node>
                      <Node Class="PluginBehaviac.Nodes.Assignment" CastRight="false" Enable="true" HasOwnPrefabData="false" Id="13" Opl="int Self.FirstAgent::m_nVal" Opr="const int 8" PrefabName="" PrefabNodeId="-1">
                        <Comment Background="NoColor" Text="" />
                      </Node>
                      <Node Class="PluginBehaviac.Nodes.Action" Enable="true" HasOwnPrefabData="false" Id="37" Method="Self.FirstAgent::PrintInt()" PrefabName="" PrefabNodeId="-1" ResultFunctor="&quot;&quot;" ResultOption="BT_SUCCESS">
                        <Comment Background="NoColor" Text="" />
                      </Node>
                    </Connector>
                  </Node>
                </Connector>
              </Node>
              <Node Class="PluginBehaviac.Nodes.WithPrecondition" Enable="true" HasOwnPrefabData="false" Id="27" PrefabName="" PrefabNodeId="-1">
                <Comment Background="NoColor" Text="" />
                <Connector Identifier="Precondition">
                  <Node Class="PluginBehaviac.Nodes.Condition" Enable="true" HasOwnPrefabData="false" Id="32" Operator="Equal" Opl="bool Self.FirstAgent::m_bFlag" Opr="const bool false" PrefabName="" PrefabNodeId="-1">
                    <Comment Background="NoColor" Text="" />
                  </Node>
                </Connector>
                <Connector Identifier="Action">
                  <Node Class="PluginBehaviac.Nodes.Sequence" Enable="true" HasOwnPrefabData="false" Id="33" PrefabName="" PrefabNodeId="-1">
                    <Comment Background="NoColor" Text="" />
                    <Connector Identifier="GenericChildren">
                      <Node Class="PluginBehaviac.Nodes.WaitFrames" Enable="true" Frames="const int 2" HasOwnPrefabData="false" Id="34" PrefabName="" PrefabNodeId="-1">
                        <Comment Background="NoColor" Text="" />
                      </Node>
                      <Node Class="PluginBehaviac.Nodes.Assignment" CastRight="false" Enable="true" HasOwnPrefabData="false" Id="35" Opl="int Self.FirstAgent::m_nVal" Opr="const int 9" PrefabName="" PrefabNodeId="-1">
                        <Comment Background="NoColor" Text="" />
                      </Node>
                      <Node Class="PluginBehaviac.Nodes.Action" Enable="true" HasOwnPrefabData="false" Id="36" Method="Self.FirstAgent::PrintInt()" PrefabName="" PrefabNodeId="-1" ResultFunctor="&quot;&quot;" ResultOption="BT_SUCCESS">
                        <Comment Background="NoColor" Text="" />
                      </Node>
                    </Connector>
                  </Node>
                </Connector>
              </Node>
            </Connector>
          </Node>
        </Connector>
      </Node>
    </Connector>
  </Node>
</Behavior>