﻿<?xml version="1.0" encoding="utf-8"?>
<Behavior Version="5" NoError="true">
  <Node Class="Behaviac.Design.Nodes.Behavior" AgentType="FirstAgent" Domains="" Enable="true" HasOwnPrefabData="false" Id="-1" PrefabName="" PrefabNodeId="-1">
    <Comment Background="NoColor" Text="" />
    <DescriptorRefs value="0:" />
    <Connector Identifier="GenericChildren">
      <Node Class="PluginBehaviac.Nodes.Sequence" Enable="true" HasOwnPrefabData="false" Id="0" PrefabName="" PrefabNodeId="-1">
        <Comment Background="NoColor" Text="" />
        <Attachment Class="Behaviac.Design.Attachments.Event" Enable="true" Id="6" PrefabAttachmentId="-1" ReferenceFilename="4_Combine_Task" TriggeredOnce="false" TriggerMode="Return" />
        <Connector Identifier="GenericChildren">
          <Node Class="PluginBehaviac.Nodes.Assignment" CastRight="false" Enable="true" HasOwnPrefabData="false" Id="1" Opl="bool Self.FirstAgent::m_bFlag" Opr="const bool false" PrefabName="" PrefabNodeId="-1">
            <Comment Background="NoColor" Text="" />
          </Node>
          <Node Class="PluginBehaviac.Nodes.WaitforSignal" Enable="true" HasOwnPrefabData="false" Id="2" PrefabName="" PrefabNodeId="-1">
            <Comment Background="NoColor" Text="" />
            <Connector Identifier="_custom_condition">
              <Node Class="PluginBehaviac.Nodes.Condition" Enable="true" HasOwnPrefabData="false" Id="3" Operator="Equal" Opl="bool Self.FirstAgent::m_bFlag" Opr="const bool true" PrefabName="" PrefabNodeId="-1">
                <Comment Background="NoColor" Text="" />
              </Node>
            </Connector>
          </Node>
          <Node Class="PluginBehaviac.Nodes.Assignment" CastRight="false" Enable="true" HasOwnPrefabData="false" Id="4" Opl="int Self.FirstAgent::m_nVal" Opr="const int 11" PrefabName="" PrefabNodeId="-1">
            <Comment Background="NoColor" Text="" />
          </Node>
          <Node Class="PluginBehaviac.Nodes.Action" Enable="true" HasOwnPrefabData="false" Id="5" Method="Self.FirstAgent::PrintInt()" PrefabName="" PrefabNodeId="-1" ResultFunctor="&quot;&quot;" ResultOption="BT_SUCCESS">
            <Comment Background="NoColor" Text="" />
          </Node>
          <Node Class="Behaviac.Design.Nodes.ReferencedBehavior" Enable="true" HasOwnPrefabData="false" Id="7" PrefabName="" PrefabNodeId="-1" ReferenceBehavior="const string &quot;4_Combne_Print&quot;" Task="&quot;&quot;">
            <Comment Background="Gray" Text="" />
          </Node>
          <Node Class="Behaviac.Design.Nodes.ReferencedBehavior" Enable="true" HasOwnPrefabData="false" Id="8" PrefabName="" PrefabNodeId="-1" ReferenceBehavior="const string &quot;4_Combine_Task&quot;" Task="Self.FirstAgent::event_task(0)">
            <Comment Background="Gray" Text="" />
          </Node>
        </Connector>
      </Node>
    </Connector>
  </Node>
</Behavior>