﻿<?xml version="1.0" encoding="utf-8"?>
<Behavior Version="5" NoError="true">
  <Node Class="Behaviac.Design.Nodes.Behavior" AgentType="FirstAgent" Domains="" Enable="true" HasOwnPrefabData="false" Id="-1" PrefabName="" PrefabNodeId="-1">
    <Comment Background="NoColor" Text="" />
    <DescriptorRefs value="0:" />
    <Connector Identifier="GenericChildren">
      <Node Class="PluginBehaviac.Nodes.Sequence" Enable="true" HasOwnPrefabData="false" Id="0" PrefabName="" PrefabNodeId="-1">
        <Comment Background="NoColor" Text="" />
        <Connector Identifier="GenericChildren">
          <Node Class="PluginBehaviac.Nodes.DecoratorNot" DecorateWhenChildEnds="false" Enable="true" HasOwnPrefabData="false" Id="1" PrefabName="" PrefabNodeId="-1">
            <Comment Background="NoColor" Text="" />
            <Connector Identifier="GenericChildren">
              <Node Class="PluginBehaviac.Nodes.Condition" Enable="true" HasOwnPrefabData="false" Id="2" Operator="Equal" Opl="bool Self.FirstAgent::m_bFlag" Opr="const bool false" PrefabName="" PrefabNodeId="-1">
                <Comment Background="NoColor" Text="" />
              </Node>
            </Connector>
          </Node>
          <Node Class="PluginBehaviac.Nodes.DecoratorTime" DecorateWhenChildEnds="false" Enable="true" HasOwnPrefabData="false" Id="3" PrefabName="" PrefabNodeId="-1" Time="const float 1">
            <Comment Background="NoColor" Text="" />
            <Connector Identifier="GenericChildren">
              <Node Class="PluginBehaviac.Nodes.Assignment" CastRight="false" Enable="true" HasOwnPrefabData="false" Id="4" Opl="int Self.FirstAgent::m_nVal" Opr="const int 12" PrefabName="" PrefabNodeId="-1">
                <Comment Background="NoColor" Text="" />
              </Node>
            </Connector>
          </Node>
          <Node Class="PluginBehaviac.Nodes.Action" Enable="true" HasOwnPrefabData="false" Id="5" Method="Self.FirstAgent::PrintInt()" PrefabName="" PrefabNodeId="-1" ResultFunctor="&quot;&quot;" ResultOption="BT_SUCCESS">
            <Comment Background="Gray" Text="m_nVal = 12" />
          </Node>
          <Node Class="PluginBehaviac.Nodes.DecoratorLoop" Count="const int 5" DecorateWhenChildEnds="true" DoneWithinFrame="false" Enable="true" HasOwnPrefabData="false" Id="6" PrefabName="" PrefabNodeId="-1">
            <Comment Background="NoColor" Text="" />
            <Connector Identifier="GenericChildren">
              <Node Class="PluginBehaviac.Nodes.Sequence" Enable="true" HasOwnPrefabData="false" Id="10" PrefabName="" PrefabNodeId="-1">
                <Comment Background="NoColor" Text="" />
                <Connector Identifier="GenericChildren">
                  <Node Class="PluginBehaviac.Nodes.Compute" Enable="true" HasOwnPrefabData="false" Id="7" Operator="Add" Opl="int Self.FirstAgent::m_nVal" Opr1="int Self.FirstAgent::m_nVal" Opr2="const int 1" PrefabName="" PrefabNodeId="-1">
                    <Comment Background="NoColor" Text="" />
                  </Node>
                  <Node Class="PluginBehaviac.Nodes.Action" Enable="true" HasOwnPrefabData="false" Id="11" Method="Self.FirstAgent::PrintInt()" PrefabName="" PrefabNodeId="-1" ResultFunctor="&quot;&quot;" ResultOption="BT_SUCCESS">
                    <Comment Background="Gray" Text="m_nVal = 12 -&gt; 17" />
                  </Node>
                </Connector>
              </Node>
            </Connector>
          </Node>
          <Node Class="PluginBehaviac.Nodes.DecoratorFrames" DecorateWhenChildEnds="false" Enable="true" Frames="const int 3" HasOwnPrefabData="false" Id="8" PrefabName="" PrefabNodeId="-1">
            <Comment Background="NoColor" Text="" />
            <Connector Identifier="GenericChildren">
              <Node Class="PluginBehaviac.Nodes.Sequence" Enable="true" HasOwnPrefabData="false" Id="12" PrefabName="" PrefabNodeId="-1">
                <Comment Background="NoColor" Text="" />
                <Connector Identifier="GenericChildren">
                  <Node Class="PluginBehaviac.Nodes.Compute" Enable="true" HasOwnPrefabData="false" Id="9" Operator="Sub" Opl="int Self.FirstAgent::m_nVal" Opr1="int Self.FirstAgent::m_nVal" Opr2="const int 1" PrefabName="" PrefabNodeId="-1">
                    <Comment Background="NoColor" Text="" />
                  </Node>
                  <Node Class="PluginBehaviac.Nodes.Action" Enable="true" HasOwnPrefabData="false" Id="13" Method="Self.FirstAgent::PrintInt()" PrefabName="" PrefabNodeId="-1" ResultFunctor="&quot;&quot;" ResultOption="BT_SUCCESS">
                    <Comment Background="Gray" Text="m_nVal = 17 -&gt; 14" />
                  </Node>
                </Connector>
              </Node>
            </Connector>
          </Node>
          <Node Class="PluginBehaviac.Nodes.DecoratorCountLimit" Count="const int 2" DecorateWhenChildEnds="true" Enable="true" HasOwnPrefabData="false" Id="14" PrefabName="" PrefabNodeId="-1">
            <Comment Background="NoColor" Text="" />
            <Connector Identifier="GenericChildren">
              <Node Class="PluginBehaviac.Nodes.Sequence" Enable="true" HasOwnPrefabData="false" Id="15" PrefabName="" PrefabNodeId="-1">
                <Comment Background="NoColor" Text="" />
                <Connector Identifier="GenericChildren">
                  <Node Class="PluginBehaviac.Nodes.Compute" Enable="true" HasOwnPrefabData="false" Id="16" Operator="Sub" Opl="int Self.FirstAgent::m_nVal" Opr1="int Self.FirstAgent::m_nVal" Opr2="const int 1" PrefabName="" PrefabNodeId="-1">
                    <Comment Background="NoColor" Text="" />
                  </Node>
                  <Node Class="PluginBehaviac.Nodes.Action" Enable="true" HasOwnPrefabData="false" Id="17" Method="Self.FirstAgent::PrintInt()" PrefabName="" PrefabNodeId="-1" ResultFunctor="&quot;&quot;" ResultOption="BT_SUCCESS">
                    <Comment Background="Gray" Text="m_nVal = 14 -&gt; 13" />
                  </Node>
                </Connector>
              </Node>
            </Connector>
          </Node>
          <Node Class="PluginBehaviac.Nodes.DecoratorLog" DecorateWhenChildEnds="false" Enable="true" HasOwnPrefabData="false" Id="18" Log="AdornerTest" PrefabName="" PrefabNodeId="-1">
            <Comment Background="NoColor" Text="" />
            <Connector Identifier="GenericChildren">
              <Node Class="PluginBehaviac.Nodes.Action" Enable="true" HasOwnPrefabData="false" Id="31" Method="Self.FirstAgent::Print(&quot;AdornerTest: PrintMsg&quot;)" PrefabName="" PrefabNodeId="-1" ResultFunctor="&quot;&quot;" ResultOption="BT_SUCCESS">
                <Comment Background="NoColor" Text="" />
              </Node>
            </Connector>
          </Node>
          <Node Class="PluginBehaviac.Nodes.DecoratorLoopUntil" Count="int Self.FirstAgent::m_nVal" DecorateWhenChildEnds="true" Enable="true" HasOwnPrefabData="false" Id="19" PrefabName="" PrefabNodeId="-1" Until="false">
            <Comment Background="NoColor" Text="" />
            <Connector Identifier="GenericChildren">
              <Node Class="PluginBehaviac.Nodes.Sequence" Enable="true" HasOwnPrefabData="false" Id="20" PrefabName="" PrefabNodeId="-1">
                <Comment Background="NoColor" Text="" />
                <Connector Identifier="GenericChildren">
                  <Node Class="PluginBehaviac.Nodes.Compute" Enable="true" HasOwnPrefabData="false" Id="21" Operator="Add" Opl="int Self.FirstAgent::m_nVal" Opr1="int Self.FirstAgent::m_nVal" Opr2="const int 1" PrefabName="" PrefabNodeId="-1">
                    <Comment Background="NoColor" Text="" />
                  </Node>
                  <Node Class="PluginBehaviac.Nodes.Action" Enable="true" HasOwnPrefabData="false" Id="22" Method="Self.FirstAgent::PrintInt()" PrefabName="" PrefabNodeId="-1" ResultFunctor="&quot;&quot;" ResultOption="BT_SUCCESS">
                    <Comment Background="Gray" Text="m_nVal = 13 -&gt; 26" />
                  </Node>
                </Connector>
              </Node>
            </Connector>
          </Node>
          <Node Class="PluginBehaviac.Nodes.DecoratorAlwaysSuccess" DecorateWhenChildEnds="false" Enable="true" HasOwnPrefabData="false" Id="23" PrefabName="" PrefabNodeId="-1">
            <Comment Background="NoColor" Text="" />
            <Connector Identifier="GenericChildren">
              <Node Class="PluginBehaviac.Nodes.Parallel" ChildFinishPolicy="CHILDFINISH_LOOP" Enable="true" ExitPolicy="EXIT_ABORT_RUNNINGSIBLINGS" FailurePolicy="FAIL_ON_ONE" HasOwnPrefabData="false" Id="24" PrefabName="" PrefabNodeId="-1" SuccessPolicy="SUCCEED_ON_ALL">
                <Comment Background="NoColor" Text="" />
                <Connector Identifier="GenericChildren">
                  <Node Class="PluginBehaviac.Nodes.Condition" Enable="true" HasOwnPrefabData="false" Id="25" Operator="Equal" Opl="bool Self.FirstAgent::m_bFlag" Opr="const bool true" PrefabName="" PrefabNodeId="-1">
                    <Comment Background="NoColor" Text="" />
                  </Node>
                  <Node Class="PluginBehaviac.Nodes.Condition" Enable="true" HasOwnPrefabData="false" Id="26" Operator="Equal" Opl="bool Self.FirstAgent::m_bFlag" Opr="const bool false" PrefabName="" PrefabNodeId="-1">
                    <Comment Background="NoColor" Text="" />
                  </Node>
                  <Node Class="PluginBehaviac.Nodes.Sequence" Enable="true" HasOwnPrefabData="false" Id="28" PrefabName="" PrefabNodeId="-1">
                    <Comment Background="NoColor" Text="" />
                    <Connector Identifier="GenericChildren">
                      <Node Class="PluginBehaviac.Nodes.Compute" Enable="true" HasOwnPrefabData="false" Id="27" Operator="Div" Opl="int Self.FirstAgent::m_nVal" Opr1="int Self.FirstAgent::m_nVal" Opr2="const int 2" PrefabName="" PrefabNodeId="-1">
                        <Comment Background="NoColor" Text="" />
                      </Node>
                      <Node Class="PluginBehaviac.Nodes.Action" Enable="true" HasOwnPrefabData="false" Id="29" Method="Self.FirstAgent::PrintInt()" PrefabName="" PrefabNodeId="-1" ResultFunctor="&quot;&quot;" ResultOption="BT_SUCCESS">
                        <Comment Background="Gray" Text="m_nVal = 13" />
                      </Node>
                    </Connector>
                  </Node>
                </Connector>
              </Node>
            </Connector>
          </Node>
          <Node Class="PluginBehaviac.Nodes.Action" Enable="true" HasOwnPrefabData="false" Id="30" Method="Self.FirstAgent::Print(&quot;AdornerTest: The last one&quot;)" PrefabName="" PrefabNodeId="-1" ResultFunctor="&quot;&quot;" ResultOption="BT_SUCCESS">
            <Comment Background="NoColor" Text="" />
          </Node>
        </Connector>
      </Node>
    </Connector>
  </Node>
</Behavior>