﻿<?xml version="1.0" encoding="utf-8"?>
<Behavior Version="5" NoError="true">
  <Node Class="Behaviac.Design.Nodes.Behavior" AgentType="FirstAgent" Domains="" Enable="true" HasOwnPrefabData="false" Id="-1" PrefabName="" PrefabNodeId="-1">
    <Comment Background="NoColor" Text="" />
    <DescriptorRefs value="0:" />
    <Attachment Class="PluginBehaviac.Events.StartCondition" Enable="true" Id="0" PrefabAttachmentId="-1" TargetFSMNodeId="1" />
    <FSMNodes ScreenLocationX="0" ScreenLocationY="0">
      <Node Class="PluginBehaviac.Nodes.State" Enable="true" HasOwnPrefabData="false" Id="1" IsEndState="false" Method="&quot;&quot;" Name="State_0" PrefabName="" PrefabNodeId="-1" ScreenLocationX="240.5" ScreenLocationY="35.5">
        <Comment Background="NoColor" Text="" />
        <Attachment Class="PluginBehaviac.Events.Precondition" BinaryOperator="And" Enable="true" Id="2" Operator="Assign" Opl="int Self.FirstAgent::m_nVal" Opr1="&quot;&quot;" Opr2="const int 0" Phase="Enter" PrefabAttachmentId="-1" />
        <Attachment Class="PluginBehaviac.Events.Precondition" BinaryOperator="And" Enable="true" Id="3" Operator="Invalid" Opl="Self.FirstAgent::Print(&quot;Now State: State_0&quot;)" Opr1="&quot;&quot;" Opr2="&quot;&quot;" Phase="Enter" PrefabAttachmentId="-1" />
        <Attachment Class="PluginBehaviac.Events.AlwaysTransition" Enable="true" Id="6" PrefabAttachmentId="-1" TargetFSMNodeId="4" TransitionPhase="ETP_Always" />
      </Node>
      <Node Class="PluginBehaviac.Nodes.WaitFramesState" Enable="true" Frames="const int 3" HasOwnPrefabData="false" Id="4" IsEndState="false" Name="等待3帧" PrefabName="" PrefabNodeId="-1" ScreenLocationX="445" ScreenLocationY="33.75">
        <Comment Background="NoColor" Text="" />
        <Attachment Class="PluginBehaviac.Events.WaitTransition" Enable="true" Id="5" PrefabAttachmentId="-1" TargetFSMNodeId="7" />
      </Node>
      <Node Class="PluginBehaviac.Nodes.State" Enable="true" HasOwnPrefabData="false" Id="7" IsEndState="false" Method="&quot;&quot;" Name="State_1" PrefabName="" PrefabNodeId="-1" ScreenLocationX="472" ScreenLocationY="134.25">
        <Comment Background="NoColor" Text="" />
        <Attachment Class="PluginBehaviac.Events.Precondition" BinaryOperator="And" Enable="true" Id="8" Operator="Assign" Opl="int Self.FirstAgent::m_nVal" Opr1="&quot;&quot;" Opr2="const int 1" Phase="Enter" PrefabAttachmentId="-1" />
        <Attachment Class="PluginBehaviac.Events.Precondition" BinaryOperator="And" Enable="true" Id="9" Operator="Invalid" Opl="Self.FirstAgent::Print(&quot;Now State: State_1&quot;)" Opr1="&quot;&quot;" Opr2="&quot;&quot;" Phase="Enter" PrefabAttachmentId="-1" />
        <Attachment Class="PluginBehaviac.Events.TransitionCondition" Effectors="0:" Enable="true" Id="12" Operator="Equal" Opl="int Self.FirstAgent::m_nVal" Opr1="&quot;&quot;" Opr2="const int 2" PrefabAttachmentId="-1" TargetFSMNodeId="10" />
      </Node>
      <Node Class="PluginBehaviac.Nodes.WaitState" Enable="true" HasOwnPrefabData="false" Id="10" IsEndState="false" Name="等待状态" PrefabName="" PrefabNodeId="-1" ScreenLocationX="275" ScreenLocationY="215.25" Time="const float 1">
        <Comment Background="NoColor" Text="" />
        <Attachment Class="PluginBehaviac.Events.WaitTransition" Enable="true" Id="11" PrefabAttachmentId="-1" TargetFSMNodeId="13" />
      </Node>
      <Node Class="PluginBehaviac.Nodes.State" Enable="true" HasOwnPrefabData="false" Id="13" IsEndState="true" Method="&quot;&quot;" Name="State_2" PrefabName="" PrefabNodeId="-1" ScreenLocationX="13.5" ScreenLocationY="161.25">
        <Comment Background="NoColor" Text="" />
        <Attachment Class="PluginBehaviac.Events.Precondition" BinaryOperator="And" Enable="true" Id="14" Operator="Invalid" Opl="Self.FirstAgent::Print(&quot;Now State: State_2&quot;)" Opr1="&quot;&quot;" Opr2="&quot;&quot;" Phase="Enter" PrefabAttachmentId="-1" />
      </Node>
    </FSMNodes>
  </Node>
</Behavior>