﻿<?xml version="1.0" encoding="utf-8"?>
<Behavior Version="5" NoError="true">
  <Node Class="Behaviac.Design.Nodes.Behavior" AgentType="FirstAgent" Domains="" Enable="true" HasOwnPrefabData="false" Id="-1" PrefabName="" PrefabNodeId="-1">
    <Comment Background="NoColor" Text="" />
    <Parameters>
      <Parameter Name="_$local_task_param_$_0" Type="System.Int32" DefaultValue="0" DisplayName="p0" Desc="p0" Display="false" />
    </Parameters>
    <DescriptorRefs value="0:" />
    <Connector Identifier="GenericChildren">
      <Node Class="PluginBehaviac.Nodes.Sequence" Enable="true" HasOwnPrefabData="false" Id="0" PrefabName="" PrefabNodeId="-1">
        <Comment Background="NoColor" Text="" />
        <Connector Identifier="GenericChildren">
          <Node Class="PluginBehaviac.Nodes.Noop" Enable="true" HasOwnPrefabData="false" Id="6" PrefabName="" PrefabNodeId="-1">
            <Comment Background="NoColor" Text="" />
          </Node>
          <Node Class="PluginBehaviac.Nodes.DecoratorLoop" Count="const int 2" DecorateWhenChildEnds="true" DoneWithinFrame="false" Enable="true" HasOwnPrefabData="false" Id="3" PrefabName="" PrefabNodeId="-1">
            <Comment Background="NoColor" Text="" />
            <Connector Identifier="GenericChildren">
              <Node Class="PluginBehaviac.Nodes.Compute" Enable="true" HasOwnPrefabData="false" Id="5" Operator="Add" Opl="int Self.FirstAgent::m_nVal" Opr1="const int 0" Opr2="const int 0" PrefabName="" PrefabNodeId="-1">
                <Comment Background="NoColor" Text="" />
              </Node>
            </Connector>
          </Node>
          <Node Class="PluginBehaviac.Nodes.Action" Enable="true" HasOwnPrefabData="false" Id="2" Method="Self.FirstAgent::Print(&quot;HAHAHA&quot;)" PrefabName="" PrefabNodeId="-1" ResultFunctor="&quot;&quot;" ResultOption="BT_SUCCESS">
            <Comment Background="NoColor" Text="" />
          </Node>
          <Node Class="PluginBehaviac.Nodes.End" Enable="true" EndOutside="false" EndStatus="const behaviac::EBTStatus BT_SUCCESS" HasOwnPrefabData="false" Id="4" PrefabName="" PrefabNodeId="-1">
            <Comment Background="NoColor" Text="" />
          </Node>
          <Node Class="PluginBehaviac.Nodes.Action" Enable="true" HasOwnPrefabData="false" Id="1" Method="Self.FirstAgent::Print(&quot;End&quot;)" PrefabName="" PrefabNodeId="-1" ResultFunctor="&quot;&quot;" ResultOption="BT_SUCCESS">
            <Comment Background="NoColor" Text="" />
          </Node>
          <Node Class="PluginBehaviac.Nodes.Sequence" Enable="true" HasOwnPrefabData="false" Id="7" PrefabName="" PrefabNodeId="-1">
            <Comment Background="NoColor" Text="" />
            <Connector Identifier="GenericChildren">
              <Node Class="PluginBehaviac.Nodes.False" Enable="true" HasOwnPrefabData="false" Id="8" PrefabName="" PrefabNodeId="-1">
                <Comment Background="NoColor" Text="" />
              </Node>
              <Node Class="PluginBehaviac.Nodes.Action" Enable="true" HasOwnPrefabData="false" Id="9" Method="Self.FirstAgent::Print(&quot;Failure&quot;)" PrefabName="" PrefabNodeId="-1" ResultFunctor="&quot;&quot;" ResultOption="BT_SUCCESS">
                <Comment Background="NoColor" Text="" />
              </Node>
            </Connector>
          </Node>
        </Connector>
      </Node>
    </Connector>
  </Node>
</Behavior>