﻿<?xml version="1.0" encoding="utf-8"?>
<meta>
  <types>
    <enumtype Type="EnState" Namespace="" IsCustomized="true" DisplayName="EnState" Desc="EnState">
      <enum NativeValue="enState_0" Value="enState_0" DisplayName="enState_0" Desc="" MemberValue="0" />
      <enum NativeValue="enState_1" Value="enState_1" DisplayName="enState_1" Desc="" MemberValue="1" />
      <enum NativeValue="enState_2" Value="enState_2" DisplayName="enState_2" Desc="" MemberValue="2" />
    </enumtype>
    <struct Type="TBase" Namespace="" Base="" IsCustomized="true" DisplayName="TBase" Desc="">
      <Member Name="nVal" DisplayName="nVal" Desc="nVal" Type="int" TypeFullName="System.Int32" Class="TBase" Public="true" />
    </struct>
    <struct Type="TChild" Namespace="" Base="TBase" IsCustomized="true" DisplayName="TChild" Desc="TChild">
      <Member Name="nVal" DisplayName="nVal" Desc="nVal" Type="int" TypeFullName="System.Int32" Class="TChild" Public="true" />
    </struct>
  </types>
  <agents>
    <agent classfullname="behaviac::Agent" DisplayName="behaviac::Agent" Desc="behaviac::Agent" IsRefType="true" IsImplemented="true">
      <Method Name="VectorLength" DisplayName="VectorLength" Desc="VectorLength" Class="behaviac::Agent" ReturnType="int" ReturnTypeFullName="System.Int32" Static="true" Public="true" istask="false">
        <Param Name="param0" Type="const IList&amp;" TypeFullName="System.Collections.IList" DisplayName="param0" Desc="param0" />
      </Method>
      <Method Name="VectorAdd" DisplayName="VectorAdd" Desc="VectorAdd" Class="behaviac::Agent" ReturnType="void" ReturnTypeFullName="System.Void" Static="true" Public="true" istask="false">
        <Param Name="param0" Type="IList&amp;" TypeFullName="System.Collections.IList" DisplayName="param0" Desc="param0" />
        <Param Name="param1" Type="const System::Object&amp;" TypeFullName="System.Object" DisplayName="param1" Desc="param1" />
      </Method>
      <Method Name="VectorRemove" DisplayName="VectorRemove" Desc="VectorRemove" Class="behaviac::Agent" ReturnType="void" ReturnTypeFullName="System.Void" Static="true" Public="true" istask="false">
        <Param Name="param0" Type="IList&amp;" TypeFullName="System.Collections.IList" DisplayName="param0" Desc="param0" />
        <Param Name="param1" Type="const System::Object&amp;" TypeFullName="System.Object" DisplayName="param1" Desc="param1" />
      </Method>
      <Method Name="VectorContains" DisplayName="VectorContains" Desc="VectorContains" Class="behaviac::Agent" ReturnType="bool" ReturnTypeFullName="System.Boolean" Static="true" Public="true" istask="false">
        <Param Name="param0" Type="IList&amp;" TypeFullName="System.Collections.IList" DisplayName="param0" Desc="param0" />
        <Param Name="param1" Type="const System::Object&amp;" TypeFullName="System.Object" DisplayName="param1" Desc="param1" />
      </Method>
      <Method Name="VectorClear" DisplayName="VectorClear" Desc="VectorClear" Class="behaviac::Agent" ReturnType="void" ReturnTypeFullName="System.Void" Static="true" Public="true" istask="false">
        <Param Name="param0" Type="IList&amp;" TypeFullName="System.Collections.IList" DisplayName="param0" Desc="param0" />
      </Method>
      <Method Name="LogMessage" DisplayName="LogMessage" Desc="LogMessage" Class="behaviac::Agent" ReturnType="void" ReturnTypeFullName="System.Void" Static="true" Public="true" istask="false">
        <Param Name="param0" Type="const char*" TypeFullName="System.String" DisplayName="param0" Desc="param0" />
      </Method>
    </agent>
    <agent classfullname="FirstAgent" base="behaviac::Agent" DisplayName="FirstAgent" Desc="FirstAgent" IsRefType="true" IsCustomized="true">
      <Member Name="m_bFlag" DisplayName="m_bFlag" Desc="bFlag" Class="FirstAgent" Type="bool" TypeFullName="System.Boolean" defaultvalue="true" Static="false" Public="false" Readonly="false" />
      <Member Name="m_nVal" DisplayName="m_nVal" Desc="m_nVal" Class="FirstAgent" Type="int" TypeFullName="System.Int32" defaultvalue="1" Static="false" Public="false" Readonly="false" />
      <Method Name="Print" DisplayName="Print" Desc="Print" Class="FirstAgent" ReturnType="void" ReturnTypeFullName="System.Void" Static="false" Public="false" istask="false">
        <Param Name="strText" Type="string&amp;" TypeFullName="System.String" IsRef="true" DisplayName="strText" Desc="strText" />
      </Method>
      <Method Name="event_task" DisplayName="event_task" Desc="event_task" Class="FirstAgent" ReturnType="void" ReturnTypeFullName="System.Void" Static="false" Public="false" istask="true">
        <Param Name="nVal" Type="int" TypeFullName="System.Int32" DisplayName="nVal" Desc="p0" />
      </Method>
      <Method Name="PrintInt" DisplayName="PrintInt" Desc="PrintInt" Class="FirstAgent" ReturnType="void" ReturnTypeFullName="System.Void" Static="false" Public="false" istask="false" />
      <Method Name="SetInt" DisplayName="SetInt" Desc="SetInt" Class="FirstAgent" ReturnType="void" ReturnTypeFullName="System.Void" Static="false" Public="true" istask="false">
        <Param Name="nVal" Type="int" TypeFullName="System.Int32" DisplayName="nVal" Desc="nVal" />
      </Method>
    </agent>
  </agents>
  <instances />
</meta>